<?xml version="1.0" encoding="UTF-8"?>
<actions>
        <action>
            <actionName>CUSTOM-clean string-boot:run</actionName>
            <displayName>clean string-boot:run</displayName>
            <goals>
                <goal>clean</goal>
                <goal>string-boot:run</goal>
            </goals>
        </action>
        <action>
            <actionName>CUSTOM-clean spring-boot:run</actionName>
            <displayName>clean spring-boot:run</displayName>
            <goals>
                <goal>clean</goal>
                <goal>spring-boot:run</goal>
            </goals>
        </action>
    </actions>
